"n","methods","avg_regret","std","method_type","setting","lb","ub"
400,"SPO_correct_Direct_Model",0.467248243986733,0.182776725194222,"SPO Direct Model","Correct linear",0.416585120550195,0.517911367423272
400,"SPO_wrong_Direct_Model",0.82371729697034,0.205733096033485,"SPO Direct Model","Wrong linear",0.766690992180987,0.880743601759694
600,"SPO_correct_Direct_Model",0.231942973048503,0.122397423476752,"SPO Direct Model","Correct linear",0.198016138177555,0.265869807919451
600,"SPO_wrong_Direct_Model",0.58242139248586,0.13623666940741,"SPO Direct Model","Wrong linear",0.544658514354434,0.620184270617286
800,"SPO_correct_Direct_Model",0.130072510589903,0.0642976861080666,"SPO Direct Model","Correct linear",0.112250101284149,0.147894919895658
800,"SPO_wrong_Direct_Model",0.493998862464881,0.0824613003241105,"SPO Direct Model","Wrong linear",0.471141756164183,0.51685596876558
1000,"SPO_correct_Direct_Model",0.0729952605748495,0.0385138350918964,"SPO Direct Model","Correct linear",0.0623197701413612,0.0836707510083378
1000,"SPO_wrong_Direct_Model",0.449613999768068,0.0496160910318997,"SPO Direct Model","Wrong linear",0.435861120993615,0.463366878542522
1200,"SPO_correct_Direct_Model",0.0499046251018705,0.0268216451145365,"SPO Direct Model","Correct linear",0.0424700443817879,0.0573392058219531
1200,"SPO_wrong_Direct_Model",0.424995918941683,0.0359936881480744,"SPO Direct Model","Wrong linear",0.415018977601671,0.434972860281694
1400,"SPO_correct_Direct_Model",0.0404105725306237,0.0292867639042648,"SPO Direct Model","Correct linear",0.0322926957431834,0.048528449318064
1400,"SPO_wrong_Direct_Model",0.422686353103177,0.0320028720475443,"SPO Direct Model","Wrong linear",0.41381560954901,0.431557096657345
1600,"SPO_correct_Direct_Model",0.0318964093812225,0.0265625124750293,"SPO Direct Model","Correct linear",0.0245336565642159,0.0392591621982291
1600,"SPO_wrong_Direct_Model",0.41754666336514,0.0254044030863147,"SPO Direct Model","Wrong linear",0.410504922092963,0.424588404637317
400,"SPO_correct_Double_Robust",0.502076447555596,0.155315218205266,"SPO Double Robust Sample Sigma","Correct linear",0.459025265501947,0.545127629609246
400,"SPO_wrong_Double_Robust",0.980333605138343,0.208966733921847,"SPO Double Robust Sample Sigma","Wrong linear",0.922410981655714,1.03825622862097
600,"SPO_correct_Double_Robust",0.291804730690958,0.10640886961438,"SPO Double Robust Sample Sigma","Correct linear",0.262309696844131,0.321299764537785
600,"SPO_wrong_Double_Robust",0.774346775534852,0.143961179635666,"SPO Double Robust Sample Sigma","Wrong linear",0.734442772406439,0.814250778663266
800,"SPO_correct_Double_Robust",0.174835439338728,0.0699608157140108,"SPO Double Robust Sample Sigma","Correct linear",0.15544329059291,0.194227588084546
800,"SPO_wrong_Double_Robust",0.673884197231989,0.113118060782218,"SPO Double Robust Sample Sigma","Wrong linear",0.642529470473308,0.70523892399067
1000,"SPO_correct_Double_Robust",0.119998035753231,0.0459993254918739,"SPO Double Robust Sample Sigma","Correct linear",0.107247673238989,0.132748398267473
1000,"SPO_wrong_Double_Robust",0.599558377133616,0.0707018096187951,"SPO Double Robust Sample Sigma","Wrong linear",0.579960835356361,0.619155918910871
1200,"SPO_correct_Double_Robust",0.0918147186629887,0.0354454753664,"SPO Double Robust Sample Sigma","Correct linear",0.0819897341533555,0.101639703172622
1200,"SPO_wrong_Double_Robust",0.573936253849506,0.0678699053565114,"SPO Double Robust Sample Sigma","Wrong linear",0.555123675885603,0.592748831813409
1400,"SPO_correct_Double_Robust",0.0797384491483338,0.0424934100783491,"SPO Double Robust Sample Sigma","Correct linear",0.0679598768068543,0.0915170214898132
1400,"SPO_wrong_Double_Robust",0.568413756009443,0.0628925778949537,"SPO Double Robust Sample Sigma","Wrong linear",0.55098082282964,0.585846689189246
1600,"SPO_correct_Double_Robust",0.0652403550656603,0.0303939600646158,"SPO Double Robust Sample Sigma","Correct linear",0.0568155791602895,0.0736651309710311
1600,"SPO_wrong_Double_Robust",0.550522085660298,0.0621655531560973,"SPO Double Robust Sample Sigma","Wrong linear",0.533290673456685,0.567753497863911
400,"SPO_correct_Lambda_Double_Robust",0.452607963347084,0.184774644852135,"SPO Lambda Double Robust Sample Sigma","Correct linear",0.401391044835502,0.503824881858666
400,"SPO_wrong_Lambda_Double_Robust",0.878156187800425,0.193615375699499,"SPO Lambda Double Robust Sample Sigma","Wrong linear",0.824488743721579,0.931823631879271
600,"SPO_correct_Lambda_Double_Robust",0.234169410760779,0.118410409935218,"SPO Lambda Double Robust Sample Sigma","Correct linear",0.201347719660097,0.266991101861462
600,"SPO_wrong_Lambda_Double_Robust",0.641145931298783,0.140404727458921,"SPO Lambda Double Robust Sample Sigma","Wrong linear",0.602227726419217,0.680064136178349
800,"SPO_correct_Lambda_Double_Robust",0.128984089802815,0.0592678714299704,"SPO Lambda Double Robust Sample Sigma","Correct linear",0.112555873995322,0.145412305610308
800,"SPO_wrong_Lambda_Double_Robust",0.549329953695726,0.0818601342257861,"SPO Lambda Double Robust Sample Sigma","Wrong linear",0.526639482135927,0.572020425255524
1000,"SPO_correct_Lambda_Double_Robust",0.0812214204641571,0.0384868200197756,"SPO Lambda Double Robust Sample Sigma","Correct linear",0.0705534182266196,0.0918894227016946
1000,"SPO_wrong_Lambda_Double_Robust",0.496775140643269,0.0492403383140381,"SPO Lambda Double Robust Sample Sigma","Wrong linear",0.483126415208397,0.510423866078142
1200,"SPO_correct_Lambda_Double_Robust",0.0547211716318779,0.0272537480787797,"SPO Lambda Double Robust Sample Sigma","Correct linear",0.0471668180808099,0.0622755251829458
1200,"SPO_wrong_Lambda_Double_Robust",0.470278873069684,0.0412784835152219,"SPO Lambda Double Robust Sample Sigma","Wrong linear",0.458837061190286,0.481720684949083
1400,"SPO_correct_Lambda_Double_Robust",0.0471001770595375,0.0283012460008802,"SPO Lambda Double Robust Sample Sigma","Correct linear",0.0392554718979431,0.054944882221132
1400,"SPO_wrong_Lambda_Double_Robust",0.466439027022603,0.0404190861067091,"SPO Lambda Double Robust Sample Sigma","Wrong linear",0.45523542795144,0.477642626093767
1600,"SPO_correct_Lambda_Double_Robust",0.0364016746918871,0.0256108732626211,"SPO Lambda Double Robust Sample Sigma","Correct linear",0.0293027028066925,0.0435006465770817
1600,"SPO_wrong_Lambda_Double_Robust",0.457098678061935,0.0357165517772598,"SPO Lambda Double Robust Sample Sigma","Wrong linear",0.447198555004713,0.466998801119157
400,"SPO_correct_Clip_Double_Robust",0.46410955325146,0.176053371752355,"SPO Clip Double Robust","Correct linear",0.415310048308856,0.512909058194063
400,"SPO_wrong_Clip_Double_Robust",0.930766811036538,0.207049803922465,"SPO Clip Double Robust","Wrong linear",0.873375533440946,0.988158088632131
600,"SPO_correct_Clip_Double_Robust",0.246749799006968,0.120470431483466,"SPO Clip Double Robust","Correct linear",0.213357099065473,0.280142498948464
600,"SPO_wrong_Clip_Double_Robust",0.676323339677821,0.136876469395433,"SPO Clip Double Robust","Wrong linear",0.638383118037623,0.71426356131802
800,"SPO_correct_Clip_Double_Robust",0.139319215045336,0.0586405589983649,"SPO Clip Double Robust","Correct linear",0.123064881372573,0.155573548718099
800,"SPO_wrong_Clip_Double_Robust",0.589982763902896,0.0914224495626486,"SPO Clip Double Robust","Wrong linear",0.56464175375983,0.615323774045962
1000,"SPO_correct_Clip_Double_Robust",0.0901514829970864,0.0375035022738228,"SPO Clip Double Robust","Correct linear",0.0797560425328688,0.100546923461304
1000,"SPO_wrong_Clip_Double_Robust",0.531495652275086,0.0570453565350622,"SPO Clip Double Robust","Wrong linear",0.515683486166156,0.547307818384015
1200,"SPO_correct_Clip_Double_Robust",0.0620968633928514,0.0290508324183656,"SPO Clip Double Robust","Correct linear",0.0540443834768124,0.0701493433088904
1200,"SPO_wrong_Clip_Double_Robust",0.500257899370992,0.0452604729818366,"SPO Clip Double Robust","Wrong linear",0.487712336323846,0.512803462418137
1400,"SPO_correct_Clip_Double_Robust",0.0502233440197537,0.0287274928134588,"SPO Clip Double Robust","Correct linear",0.042260489269599,0.0581861987699085
1400,"SPO_wrong_Clip_Double_Robust",0.495432917676192,0.0441184438403698,"SPO Clip Double Robust","Wrong linear",0.483203908956742,0.507661926395642
1600,"SPO_correct_Clip_Double_Robust",0.041561268746146,0.0251266953375108,"SPO Clip Double Robust","Correct linear",0.0345965041346568,0.0485260333576353
1600,"SPO_wrong_Clip_Double_Robust",0.482917623098996,0.0390812814043928,"SPO Clip Double Robust","Wrong linear",0.472084844572382,0.49375040162561
