"n","methods","avg_regret","std","method_type","setting","lb","ub"
400,"SPO_correct_IPW_Ideal",3.23109908654155,0.136019739519662,"SPO Ideal IPW","Correct linear",3.19339633830723,3.26880183477586
400,"SPO_wrong_IPW_Ideal",3.28862897762198,0.148978625851798,"SPO Ideal IPW","Wrong linear",3.24733420935805,3.32992374588591
600,"SPO_correct_IPW_Ideal",3.26201744049027,0.104809813900507,"SPO Ideal IPW","Correct linear",3.23296564227384,3.2910692387067
600,"SPO_wrong_IPW_Ideal",3.28480913976947,0.0870776381159794,"SPO Ideal IPW","Wrong linear",3.26067244991607,3.30894582962286
800,"SPO_correct_IPW_Ideal",3.28197785485832,0.0798291100726928,"SPO Ideal IPW","Correct linear",3.25985035447147,3.30410535524517
800,"SPO_wrong_IPW_Ideal",3.29854350493592,0.065806873310232,"SPO Ideal IPW","Wrong linear",3.28030277028032,3.31678423959153
1000,"SPO_correct_IPW_Ideal",3.27849202844962,0.0781100266028829,"SPO Ideal IPW","Correct linear",3.25684103368971,3.30014302320952
1000,"SPO_wrong_IPW_Ideal",3.29017530698629,0.0440061153996058,"SPO Ideal IPW","Wrong linear",3.2779774341221,3.30237317985049
1200,"SPO_correct_IPW_Ideal",3.27063059389874,0.0711742379279715,"SPO Ideal IPW","Correct linear",3.25090210167516,3.29035908612233
1200,"SPO_wrong_IPW_Ideal",3.2934742950116,0.0635444245854414,"SPO Ideal IPW","Wrong linear",3.27586067914747,3.31108791087574
1400,"SPO_correct_IPW_Ideal",3.29434362984368,0.0554862988941469,"SPO Ideal IPW","Correct linear",3.27896361246497,3.30972364722239
1400,"SPO_wrong_IPW_Ideal",3.30538180370235,0.0336105672461358,"SPO Ideal IPW","Wrong linear",3.29606542977479,3.3146981776299
1600,"SPO_correct_IPW_Ideal",3.30411536993978,0.0741569793724014,"SPO Ideal IPW","Correct linear",3.28356010396906,3.3246706359105
1600,"SPO_wrong_IPW_Ideal",3.3078948201684,0.065671489679379,"SPO Ideal IPW","Wrong linear",3.2896916119407,3.3260980283961
400,"SPO_correct_Sample_IPW",3.26461479880484,0.161453084461853,"SPO Sample IPW","Correct linear",3.21986228702519,3.30936731058449
400,"SPO_wrong_Sample_IPW",3.30074941251514,0.209147443996991,"SPO Sample IPW","Wrong linear",3.24277669875524,3.35872212627504
600,"SPO_correct_Sample_IPW",3.26747155540177,0.130521391060711,"SPO Sample IPW","Correct linear",3.23129287160387,3.30365023919967
600,"SPO_wrong_Sample_IPW",3.26026532719985,0.115254189154261,"SPO Sample IPW","Wrong linear",3.22831849586509,3.29221215853462
800,"SPO_correct_Sample_IPW",3.29060213557015,0.0592362683059861,"SPO Sample IPW","Correct linear",3.27418267970171,3.3070215914386
800,"SPO_wrong_Sample_IPW",3.29115056311138,0.0491534692085923,"SPO Sample IPW","Wrong linear",3.27752591656405,3.3047752096587
1000,"SPO_correct_Sample_IPW",3.27315892830785,0.0754384927448193,"SPO Sample IPW","Correct linear",3.25224844495317,3.29406941166254
1000,"SPO_wrong_Sample_IPW",3.28694149347182,0.0599812733943321,"SPO Sample IPW","Wrong linear",3.27031553272857,3.30356745421506
1200,"SPO_correct_Sample_IPW",3.27136481154152,0.0566767745776735,"SPO Sample IPW","Correct linear",3.25565481113877,3.28707481194426
1200,"SPO_wrong_Sample_IPW",3.29809840418532,0.0588985232095773,"SPO Sample IPW","Wrong linear",3.28177256648128,3.31442424188936
1400,"SPO_correct_Sample_IPW",3.2916763622678,0.0556047785021379,"SPO Sample IPW","Correct linear",3.27626350401726,3.30708922051833
1400,"SPO_wrong_Sample_IPW",3.30188588057834,0.034778085882263,"SPO Sample IPW","Wrong linear",3.29224588699564,3.31152587416104
1600,"SPO_correct_Sample_IPW",3.29957954509029,0.0758116624577225,"SPO Sample IPW","Correct linear",3.27856562436847,3.32059346581211
1600,"SPO_wrong_Sample_IPW",3.31350305109412,0.068221637234947,"SPO Sample IPW","Wrong linear",3.29459297802763,3.33241312416061
400,"SPO_correct_Tree_IPW",3.25061342705246,0.135594684001065,"SPO Tree IPW","Correct linear",3.21302849819686,3.28819835590806
400,"SPO_wrong_Tree_IPW",3.29108288360273,0.128431304883756,"SPO Tree IPW","Wrong linear",3.25548354213555,3.3266822250699
600,"SPO_correct_Tree_IPW",3.26991449784535,0.1332076427717,"SPO Tree IPW","Correct linear",3.23299122306153,3.30683777262917
600,"SPO_wrong_Tree_IPW",3.30176512571956,0.112991322160463,"SPO Tree IPW","Wrong linear",3.27044552911452,3.3330847223246
800,"SPO_correct_Tree_IPW",3.27841603562626,0.120593988704411,"SPO Tree IPW","Correct linear",3.24498908737044,3.31184298388209
800,"SPO_wrong_Tree_IPW",3.29683751392243,0.0559744563893609,"SPO Tree IPW","Wrong linear",3.28132218618946,3.3123528416554
1000,"SPO_correct_Tree_IPW",3.28486258150986,0.0678596451897261,"SPO Tree IPW","Correct linear",3.26605284751909,3.30367231550063
1000,"SPO_wrong_Tree_IPW",3.29343642221268,0.0389276718410233,"SPO Tree IPW","Wrong linear",3.28264622208472,3.30422662234064
1200,"SPO_correct_Tree_IPW",3.26920575478518,0.0562051851621009,"SPO Tree IPW","Correct linear",3.25362647229932,3.28478503727104
1200,"SPO_wrong_Tree_IPW",3.29895010652473,0.0416401032771537,"SPO Tree IPW","Wrong linear",3.28740805876127,3.3104921542882
1400,"SPO_correct_Tree_IPW",3.29621840799983,0.0501076207965163,"SPO Tree IPW","Correct linear",3.28232928412572,3.31010753187393
1400,"SPO_wrong_Tree_IPW",3.30138660170336,0.023553424706318,"SPO Tree IPW","Wrong linear",3.294857925462,3.30791527794472
1600,"SPO_correct_Tree_IPW",3.29780704591115,0.0752725387058072,"SPO Tree IPW","Correct linear",3.2769425626692,3.3186715291531
1600,"SPO_wrong_Tree_IPW",3.31036489130926,0.0515404163650551,"SPO Tree IPW","Wrong linear",3.29607861676583,3.32465116585269
