"n","methods","avg_regret","std","method_type","setting","lb","ub"
400,"SPO_correct_Direct_Model",2.03287714749259,0.249874795469034,"SPO Direct Model","Correct linear",1.96361538786168,2.10213890712351
400,"SPO_wrong_Direct_Model",2.01013444537286,0.236101723143347,"SPO Direct Model","Wrong linear",1.94469038661494,2.07557850413078
600,"SPO_correct_Direct_Model",1.85249675701009,0.327454397270836,"SPO Direct Model","Correct linear",1.76173102887298,1.94326248514719
600,"SPO_wrong_Direct_Model",1.88194963991112,0.364961989674933,"SPO Direct Model","Wrong linear",1.78078733758352,1.98311194223871
800,"SPO_correct_Direct_Model",1.73988522502433,0.302339921298566,"SPO Direct Model","Correct linear",1.65608087446347,1.82368957558519
800,"SPO_wrong_Direct_Model",1.76484989387509,0.308004775818239,"SPO Direct Model","Wrong linear",1.67947532575247,1.8502244619977
1000,"SPO_correct_Direct_Model",1.69881055088674,0.332702301602461,"SPO Direct Model","Correct linear",1.60659017788358,1.79103092388989
1000,"SPO_wrong_Direct_Model",1.69264284205489,0.349197115056026,"SPO Direct Model","Wrong linear",1.59585034002835,1.78943534408143
1200,"SPO_correct_Direct_Model",1.60309023187281,0.318803470182747,"SPO Direct Model","Correct linear",1.51472241838505,1.69145804536056
1200,"SPO_wrong_Direct_Model",1.58466406592516,0.305235210578659,"SPO Direct Model","Wrong linear",1.50005718212039,1.66927094972993
1400,"SPO_correct_Direct_Model",1.55468073819547,0.291477339544224,"SPO Direct Model","Correct linear",1.47388734168073,1.63547413471021
1400,"SPO_wrong_Direct_Model",1.55718683312776,0.300761551718155,"SPO Direct Model","Wrong linear",1.47381998429364,1.64055368196188
1600,"SPO_correct_Direct_Model",1.51568225882103,0.260869055876868,"SPO Direct Model","Correct linear",1.44337304568343,1.58799147195864
1600,"SPO_wrong_Direct_Model",1.50474278740015,0.259091041310804,"SPO Direct Model","Wrong linear",1.43292641475597,1.57655916004433
400,"SPO_correct_Double_Robust",1.84843167886315,0.301955067505116,"SPO Double Robust Sample Sigma","Correct linear",1.76473400433132,1.93212935339498
400,"SPO_wrong_Double_Robust",1.85760901589394,0.307533458554107,"SPO Double Robust Sample Sigma","Wrong linear",1.77236509025167,1.9428529415362
600,"SPO_correct_Double_Robust",1.66156364893566,0.340889340955583,"SPO Double Robust Sample Sigma","Correct linear",1.56707394440308,1.75605335346823
600,"SPO_wrong_Double_Robust",1.70914966254717,0.341094633346261,"SPO Double Robust Sample Sigma","Wrong linear",1.6146030538671,1.80369627122724
800,"SPO_correct_Double_Robust",1.54904655499102,0.30812150943146,"SPO Double Robust Sample Sigma","Correct linear",1.46363962996164,1.6344534800204
800,"SPO_wrong_Double_Robust",1.54092788136589,0.332304020304232,"SPO Double Robust Sample Sigma","Wrong linear",1.4488179063062,1.63303785642558
1000,"SPO_correct_Double_Robust",1.42584206840457,0.27477653856666,"SPO Double Robust Sample Sigma","Correct linear",1.34967789774184,1.5020062390673
1000,"SPO_wrong_Double_Robust",1.46693840262252,0.30620677873308,"SPO Double Robust Sample Sigma","Wrong linear",1.38206221386504,1.55181459138
1200,"SPO_correct_Double_Robust",1.34985442851493,0.262120755479965,"SPO Double Robust Sample Sigma","Correct linear",1.2771982619486,1.42251059508127
1200,"SPO_wrong_Double_Robust",1.39774113658706,0.264460995175057,"SPO Double Robust Sample Sigma","Wrong linear",1.32443628867239,1.47104598450173
1400,"SPO_correct_Double_Robust",1.36240814464504,0.262004886989091,"SPO Double Robust Sample Sigma","Correct linear",1.28978409518579,1.43503219410429
1400,"SPO_wrong_Double_Robust",1.37155848114041,0.222672957294815,"SPO Double Robust Sample Sigma","Wrong linear",1.30983668636912,1.4332802759117
1600,"SPO_correct_Double_Robust",1.30713616421682,0.227091766067789,"SPO Double Robust Sample Sigma","Correct linear",1.24418953814346,1.37008279029018
1600,"SPO_wrong_Double_Robust",1.3233279929257,0.205651611688119,"SPO Double Robust Sample Sigma","Wrong linear",1.26632427444455,1.38033171140685
400,"SPO_correct_Lambda_Double_Robust",1.83702933662704,0.270020648656524,"SPO Lambda Double Robust Sample Sigma","Correct linear",1.76218343139068,1.9118752418634
400,"SPO_wrong_Lambda_Double_Robust",1.83367349209423,0.282783278370366,"SPO Lambda Double Robust Sample Sigma","Wrong linear",1.75528996638743,1.91205701780104
600,"SPO_correct_Lambda_Double_Robust",1.682187955513,0.336272283727568,"SPO Lambda Double Robust Sample Sigma","Correct linear",1.58897803395065,1.77539787707535
600,"SPO_wrong_Lambda_Double_Robust",1.72786485229945,0.322373287173591,"SPO Lambda Double Robust Sample Sigma","Wrong linear",1.63850753602538,1.81722216857351
800,"SPO_correct_Lambda_Double_Robust",1.59348121684529,0.295189776784504,"SPO Lambda Double Robust Sample Sigma","Correct linear",1.51165878522799,1.67530364846258
800,"SPO_wrong_Lambda_Double_Robust",1.60295397959359,0.279806384069803,"SPO Lambda Double Robust Sample Sigma","Wrong linear",1.52539560688834,1.68051235229885
1000,"SPO_correct_Lambda_Double_Robust",1.52744152594512,0.304941105814589,"SPO Lambda Double Robust Sample Sigma","Correct linear",1.44291616382179,1.61196688806846
1000,"SPO_wrong_Lambda_Double_Robust",1.51537186869299,0.281655351373597,"SPO Lambda Double Robust Sample Sigma","Wrong linear",1.4373009883988,1.59344274898718
1200,"SPO_correct_Lambda_Double_Robust",1.43259601271697,0.290959637693037,"SPO Lambda Double Robust Sample Sigma","Correct linear",1.35194611583415,1.51324590959979
1200,"SPO_wrong_Lambda_Double_Robust",1.4392806522154,0.285290850206668,"SPO Lambda Double Robust Sample Sigma","Wrong linear",1.36020206305709,1.51835924137372
1400,"SPO_correct_Lambda_Double_Robust",1.40859450846078,0.269804345197884,"SPO Lambda Double Robust Sample Sigma","Correct linear",1.33380855948424,1.48338045743732
1400,"SPO_wrong_Lambda_Double_Robust",1.40545887448149,0.253235055381984,"SPO Lambda Double Robust Sample Sigma","Wrong linear",1.33526569832275,1.47565205064023
1600,"SPO_correct_Lambda_Double_Robust",1.35618129833361,0.246397442671708,"SPO Lambda Double Robust Sample Sigma","Correct linear",1.28788341172218,1.42447918494504
1600,"SPO_wrong_Lambda_Double_Robust",1.36797861237864,0.249765888948045,"SPO Lambda Double Robust Sample Sigma","Wrong linear",1.29874704009521,1.43721018466207
400,"SPO_correct_Clip_Double_Robust",1.8310183108719,0.281032793073069,"SPO Clip Double Robust Sample Sigma","Correct linear",1.75311999493454,1.90891662680926
400,"SPO_wrong_Clip_Double_Robust",1.82146886704938,0.276273378241295,"SPO Clip Double Robust Sample Sigma","Wrong linear",1.74488979359681,1.89804794050194
600,"SPO_correct_Clip_Double_Robust",1.61857866641669,0.295025640873402,"SPO Clip Double Robust Sample Sigma","Correct linear",1.53680173095278,1.7003556018806
600,"SPO_wrong_Clip_Double_Robust",1.67065841087268,0.311235364255313,"SPO Clip Double Robust Sample Sigma","Wrong linear",1.58438836932157,1.7569284524238
800,"SPO_correct_Clip_Double_Robust",1.56861294193757,0.295014015239323,"SPO Clip Double Robust Sample Sigma","Correct linear",1.48683922893501,1.65038665494012
800,"SPO_wrong_Clip_Double_Robust",1.56217527284293,0.288415990130996,"SPO Clip Double Robust Sample Sigma","Wrong linear",1.48223043909262,1.64212010659324
1000,"SPO_correct_Clip_Double_Robust",1.47804667989804,0.277892353924401,"SPO Clip Double Robust Sample Sigma","Correct linear",1.4010188492813,1.55507451051477
1000,"SPO_wrong_Clip_Double_Robust",1.46601326346299,0.280871221186256,"SPO Clip Double Robust Sample Sigma","Wrong linear",1.38815973296774,1.54386679395824
1200,"SPO_correct_Clip_Double_Robust",1.42696880620819,0.269213727816704,"SPO Clip Double Robust Sample Sigma","Correct linear",1.35234656801733,1.50159104439905
1200,"SPO_wrong_Clip_Double_Robust",1.41639793467203,0.260033979322139,"SPO Clip Double Robust Sample Sigma","Wrong linear",1.34432019294593,1.48847567639813
1400,"SPO_correct_Clip_Double_Robust",1.34907993676882,0.241588269891725,"SPO Clip Double Robust Sample Sigma","Correct linear",1.28211508484176,1.41604478869588
1400,"SPO_wrong_Clip_Double_Robust",1.36686628308224,0.24228781183769,"SPO Clip Double Robust Sample Sigma","Wrong linear",1.29970752802052,1.43402503814396
1600,"SPO_correct_Clip_Double_Robust",1.2910629663483,0.24000769737612,"SPO Clip Double Robust Sample Sigma","Correct linear",1.22453622677047,1.35758970592614
1600,"SPO_wrong_Clip_Double_Robust",1.31143199331742,0.236211834787754,"SPO Clip Double Robust Sample Sigma","Wrong linear",1.24595741316884,1.37690657346599
