"n","methods","avg_regret","std","method_type","setting","lb","ub"
400,"SPO_correct_Direct_Model",0.459879968682083,0.204869305675897,"SPO Direct Model","Correct linear",0.403093094364324,0.516666842999842
400,"SPO_wrong_Direct_Model",0.607543461171295,0.209141972847505,"SPO Direct Model","Wrong linear",0.549572263936663,0.665514658405927
600,"SPO_correct_Direct_Model",0.249570844739232,0.119841311138513,"SPO Direct Model","Correct linear",0.216352528060479,0.282789161417985
600,"SPO_wrong_Direct_Model",0.388942484101231,0.11873400976777,"SPO Direct Model","Wrong linear",0.356031095703241,0.421853872499221
800,"SPO_correct_Direct_Model",0.136875141833678,0.0759277700877796,"SPO Direct Model","Correct linear",0.115829037718777,0.157921245948579
800,"SPO_wrong_Direct_Model",0.275453993464943,0.0779382019790101,"SPO Direct Model","Wrong linear",0.253850626060868,0.297057360869018
1000,"SPO_correct_Direct_Model",0.0907207110880257,0.0493982685535807,"SPO Direct Model","Correct linear",0.0770282096241662,0.104413212551885
1000,"SPO_wrong_Direct_Model",0.230555917585895,0.0545583098394019,"SPO Direct Model","Wrong linear",0.215433125649748,0.245678709522042
1200,"SPO_correct_Direct_Model",0.0646157527717631,0.0309424538390384,"SPO Direct Model","Correct linear",0.0560389421487979,0.0731925633947283
1200,"SPO_wrong_Direct_Model",0.202639611195242,0.0401991352801273,"SPO Direct Model","Wrong linear",0.191496979382711,0.213782243007772
1400,"SPO_correct_Direct_Model",0.0502601014954223,0.0189156747213613,"SPO Direct Model","Correct linear",0.0450169439638744,0.0555032590269702
1400,"SPO_wrong_Direct_Model",0.187685169421298,0.0296718514156223,"SPO Direct Model","Wrong linear",0.179460551821531,0.195909787021066
1600,"SPO_correct_Direct_Model",0.0403431979867478,0.0120035499080616,"SPO Direct Model","Correct linear",0.0370159837037336,0.043670412269762
1600,"SPO_wrong_Direct_Model",0.173665157185813,0.0217827434492848,"SPO Direct Model","Wrong linear",0.167627288748325,0.1797030256233
400,"SPO_correct_Double_Robust",0.5338127398714,0.195569049120464,"SPO Double Robust tree Sigma","Correct linear",0.479603765148672,0.588021714594127
400,"SPO_wrong_Double_Robust",0.740026283398513,0.207846260832615,"SPO Double Robust tree Sigma","Wrong linear",0.682414239210741,0.797638327586285
600,"SPO_correct_Double_Robust",0.326612469186697,0.121159354002878,"SPO Double Robust tree Sigma","Correct linear",0.293028809665407,0.360196128707986
600,"SPO_wrong_Double_Robust",0.537931256652303,0.127688249645171,"SPO Double Robust tree Sigma","Wrong linear",0.502537879589142,0.573324633715463
800,"SPO_correct_Double_Robust",0.202748449727564,0.0705631998275837,"SPO Double Robust tree Sigma","Correct linear",0.183189328624244,0.222307570830884
800,"SPO_wrong_Double_Robust",0.415621822067839,0.0887690431241264,"SPO Double Robust tree Sigma","Wrong linear",0.391016298665654,0.440227345470023
1000,"SPO_correct_Double_Robust",0.15840742634116,0.0709264134077198,"SPO Double Robust tree Sigma","Correct linear",0.138747627569911,0.178067225112408
1000,"SPO_wrong_Double_Robust",0.361270932665059,0.0892451870901015,"SPO Double Robust tree Sigma","Wrong linear",0.336533428889027,0.38600843644109
1200,"SPO_correct_Double_Robust",0.118796702204131,0.0412208806713213,"SPO Double Robust tree Sigma","Correct linear",0.107370857018455,0.130222547389807
1200,"SPO_wrong_Double_Robust",0.335871745029013,0.0557432027026886,"SPO Double Robust tree Sigma","Wrong linear",0.320420517547651,0.351322972510375
1400,"SPO_correct_Double_Robust",0.105390268691872,0.03486869133677,"SPO Double Robust tree Sigma","Correct linear",0.0957251605585023,0.115055376825242
1400,"SPO_wrong_Double_Robust",0.314178572184318,0.0518996385090863,"SPO Double Robust tree Sigma","Wrong linear",0.299792726342603,0.328564418026033
1600,"SPO_correct_Double_Robust",0.0928668588278914,0.0270840916941401,"SPO Double Robust tree Sigma","Correct linear",0.0853595316274032,0.10037418602838
1600,"SPO_wrong_Double_Robust",0.297301779952874,0.0495469871084291,"SPO Double Robust tree Sigma","Wrong linear",0.283568055808755,0.311035504096993
400,"SPO_correct_Lambda_Double_Robust",0.43299167494495,0.209464140648834,"SPO Lambda Double Robust tree Sigma","Correct linear",0.374931177351814,0.491052172538085
400,"SPO_wrong_Lambda_Double_Robust",0.606727939364585,0.207133729022401,"SPO Lambda Double Robust tree Sigma","Wrong linear",0.54931339891814,0.66414247981103
600,"SPO_correct_Lambda_Double_Robust",0.24699720645987,0.121866075106886,"SPO Lambda Double Robust tree Sigma","Correct linear",0.21321765384284,0.2807767590769
600,"SPO_wrong_Lambda_Double_Robust",0.42201722130166,0.126130337473658,"SPO Lambda Double Robust tree Sigma","Wrong linear",0.387055675460799,0.45697876714252
800,"SPO_correct_Lambda_Double_Robust",0.1376992377093,0.0738765226780849,"SPO Lambda Double Robust tree Sigma","Correct linear",0.117221710368087,0.158176765050513
800,"SPO_wrong_Lambda_Double_Robust",0.306350625426471,0.0736941211271128,"SPO Lambda Double Robust tree Sigma","Wrong linear",0.285923657215706,0.326777593637236
1000,"SPO_correct_Lambda_Double_Robust",0.0971163575382802,0.0500404796785156,"SPO Lambda Double Robust tree Sigma","Correct linear",0.0832458442325939,0.110986870843967
1000,"SPO_wrong_Lambda_Double_Robust",0.266255402272482,0.0577948916353048,"SPO Lambda Double Robust tree Sigma","Wrong linear",0.250235475633521,0.282275328911442
1200,"SPO_correct_Lambda_Double_Robust",0.071210873466904,0.0302449914876844,"SPO Lambda Double Robust tree Sigma","Correct linear",0.0628273895443785,0.0795943573894294
1200,"SPO_wrong_Lambda_Double_Robust",0.237020948813716,0.037188490026798,"SPO Lambda Double Robust tree Sigma","Wrong linear",0.226712825289542,0.247329072337891
1400,"SPO_correct_Lambda_Double_Robust",0.0560801588935431,0.0183219398650107,"SPO Lambda Double Robust tree Sigma","Correct linear",0.051001576267711,0.0611587415193753
1400,"SPO_wrong_Lambda_Double_Robust",0.221846134581532,0.0361904249694011,"SPO Lambda Double Robust tree Sigma","Wrong linear",0.211814660576856,0.231877608586207
1600,"SPO_correct_Lambda_Double_Robust",0.0450369786555352,0.0113426463458881,"SPO Lambda Double Robust tree Sigma","Correct linear",0.0418929574936061,0.0481809998174643
1600,"SPO_wrong_Lambda_Double_Robust",0.210664919421443,0.024611353506968,"SPO Lambda Double Robust tree Sigma","Wrong linear",0.203843000277532,0.217486838565354
400,"SPO_correct_Clip_Double_Robust",0.454785823795743,0.209095889461354,"SPO Clip tree Double Robust","Correct linear",0.396827400224051,0.512744247367434
400,"SPO_wrong_Clip_Double_Robust",0.640122060144033,0.199689080940465,"SPO Clip tree Double Robust","Wrong linear",0.584771070865363,0.695473049422703
600,"SPO_correct_Clip_Double_Robust",0.249042599866843,0.115199168166512,"SPO Clip tree Double Robust","Correct linear",0.217111019571788,0.280974180161899
600,"SPO_wrong_Clip_Double_Robust",0.433389025853849,0.116293244774977,"SPO Clip tree Double Robust","Wrong linear",0.401154182995112,0.465623868712585
800,"SPO_correct_Clip_Double_Robust",0.149423853670619,0.0760047910711571,"SPO Clip tree Double Robust","Correct linear",0.128356400428339,0.170491306912899
800,"SPO_wrong_Clip_Double_Robust",0.329221674152956,0.0708282018141784,"SPO Clip tree Double Robust","Wrong linear",0.30958909824655,0.348854250059361
1000,"SPO_correct_Clip_Double_Robust",0.105803666728962,0.051687733061027,"SPO Clip tree Double Robust","Correct linear",0.0914765580807302,0.120130775377194
1000,"SPO_wrong_Clip_Double_Robust",0.286762341216438,0.0577754774963406,"SPO Clip tree Double Robust","Wrong linear",0.270747795902248,0.302776886530628
1200,"SPO_correct_Clip_Double_Robust",0.0758867352847594,0.0271448739031799,"SPO Clip tree Double Robust","Correct linear",0.0683625601154936,0.0834109104540251
1200,"SPO_wrong_Clip_Double_Robust",0.261710083912877,0.0358165944697234,"SPO Clip tree Double Robust","Wrong linear",0.251782230436085,0.271637937389668
1400,"SPO_correct_Clip_Double_Robust",0.0605292725209113,0.0173245605198979,"SPO Clip tree Double Robust","Correct linear",0.0557271493448303,0.0653313956969924
1400,"SPO_wrong_Clip_Double_Robust",0.246314914245288,0.0311926708374065,"SPO Clip tree Double Robust","Wrong linear",0.237668747008888,0.254961081481689
1600,"SPO_correct_Clip_Double_Robust",0.0528284887461431,0.0164860508610134,"SPO Clip tree Double Robust","Correct linear",0.04825878858949,0.0573981889027962
1600,"SPO_wrong_Clip_Double_Robust",0.233383549651267,0.0276416397416372,"SPO Clip tree Double Robust","Wrong linear",0.225721678016731,0.241045421285802
